{
  "benchmark": "synthetic_revision_ablation",
  "reasoner": "DeterministicValidityReader",
  "policy_names": [
    "offline_delta_v2",
    "odv2_no_revert",
    "odv2_no_conflict",
    "odv2_no_scope",
    "odv2_no_archive"
  ],
  "metrics": [
    {
      "policy_name": "offline_delta_v2",
      "total_queries": 280,
      "correct_queries": 200,
      "accuracy": 0.7142857142857143,
      "abstention_accuracy": 1.0,
      "proactive_interference_rate": 0.2857142857142857,
      "avg_retrieved_items": 1.2857142857142858,
      "avg_retrieved_chars": 132.71428571428572,
      "avg_context_tokens": 6.428571428571429,
      "avg_completion_tokens": 0.0,
      "avg_snapshot_size": 7.571428571428571,
      "maintenance_tokens": 7320,
      "maintenance_latency_ms": 1220.0,
      "amortized_end_to_end_tokens": 32.57142857142857,
      "avg_query_latency_ms": 0.000486372404598764,
      "cache_hit_rate": 0.0,
      "current_state_exact_match": 0.8571428571428571,
      "supersession_precision": 0.7647058823529411,
      "supersession_recall": 1.0,
      "conflict_detection_f1": 1.0,
      "scope_split_accuracy": 1.0,
      "temporal_query_accuracy": 0.0,
      "state_table_edit_distance": 0.14285714285714285
    },
    {
      "policy_name": "odv2_no_revert",
      "total_queries": 280,
      "correct_queries": 200,
      "accuracy": 0.7142857142857143,
      "abstention_accuracy": 1.0,
      "proactive_interference_rate": 0.2857142857142857,
      "avg_retrieved_items": 1.2857142857142858,
      "avg_retrieved_chars": 132.71428571428572,
      "avg_context_tokens": 6.428571428571429,
      "avg_completion_tokens": 0.0,
      "avg_snapshot_size": 7.571428571428571,
      "maintenance_tokens": 7320,
      "maintenance_latency_ms": 1220.0,
      "amortized_end_to_end_tokens": 32.57142857142857,
      "avg_query_latency_ms": 0.000457313477194735,
      "cache_hit_rate": 0.0,
      "current_state_exact_match": 0.8571428571428571,
      "supersession_precision": 0.7647058823529411,
      "supersession_recall": 1.0,
      "conflict_detection_f1": 1.0,
      "scope_split_accuracy": 1.0,
      "temporal_query_accuracy": 0.0,
      "state_table_edit_distance": 0.14285714285714285
    },
    {
      "policy_name": "odv2_no_conflict",
      "total_queries": 280,
      "correct_queries": 200,
      "accuracy": 0.7142857142857143,
      "abstention_accuracy": 0.0,
      "proactive_interference_rate": 0.2857142857142857,
      "avg_retrieved_items": 1.1428571428571428,
      "avg_retrieved_chars": 118.28571428571429,
      "avg_context_tokens": 5.714285714285714,
      "avg_completion_tokens": 0.0,
      "avg_snapshot_size": 8.714285714285714,
      "maintenance_tokens": 7320,
      "maintenance_latency_ms": 1220.0,
      "amortized_end_to_end_tokens": 31.857142857142858,
      "avg_query_latency_ms": 0.000533611247582095,
      "cache_hit_rate": 0.0,
      "current_state_exact_match": 0.8571428571428571,
      "supersession_precision": 0.6190476190476191,
      "supersession_recall": 1.0,
      "conflict_detection_f1": 0.0,
      "scope_split_accuracy": 1.0,
      "temporal_query_accuracy": 0.0,
      "state_table_edit_distance": 0.42857142857142855
    },
    {
      "policy_name": "odv2_no_scope",
      "total_queries": 280,
      "correct_queries": 200,
      "accuracy": 0.7142857142857143,
      "abstention_accuracy": 1.0,
      "proactive_interference_rate": 0.2857142857142857,
      "avg_retrieved_items": 1.2857142857142858,
      "avg_retrieved_chars": 132.71428571428572,
      "avg_context_tokens": 6.428571428571429,
      "avg_completion_tokens": 0.0,
      "avg_snapshot_size": 7.571428571428571,
      "maintenance_tokens": 7320,
      "maintenance_latency_ms": 1220.0,
      "amortized_end_to_end_tokens": 32.57142857142857,
      "avg_query_latency_ms": 0.00046711315267852375,
      "cache_hit_rate": 0.0,
      "current_state_exact_match": 0.8571428571428571,
      "supersession_precision": 0.7647058823529411,
      "supersession_recall": 1.0,
      "conflict_detection_f1": 1.0,
      "scope_split_accuracy": 1.0,
      "temporal_query_accuracy": 0.0,
      "state_table_edit_distance": 0.14285714285714285
    },
    {
      "policy_name": "odv2_no_archive",
      "total_queries": 280,
      "correct_queries": 200,
      "accuracy": 0.7142857142857143,
      "abstention_accuracy": 1.0,
      "proactive_interference_rate": 0.2857142857142857,
      "avg_retrieved_items": 1.2857142857142858,
      "avg_retrieved_chars": 132.71428571428572,
      "avg_context_tokens": 6.428571428571429,
      "avg_completion_tokens": 0.0,
      "avg_snapshot_size": 7.571428571428571,
      "maintenance_tokens": 7320,
      "maintenance_latency_ms": 1220.0,
      "amortized_end_to_end_tokens": 32.57142857142857,
      "avg_query_latency_ms": 0.0004734644400221961,
      "cache_hit_rate": 0.0,
      "current_state_exact_match": 0.8571428571428571,
      "supersession_precision": 0.7647058823529411,
      "supersession_recall": 1.0,
      "conflict_detection_f1": 1.0,
      "scope_split_accuracy": 1.0,
      "temporal_query_accuracy": 0.0,
      "state_table_edit_distance": 0.14285714285714285
    }
  ],
  "config": {
    "reasoner": "deterministic",
    "model_id": "",
    "policy": [],
    "cache_dir": ".cache/memory_inference",
    "max_new_tokens": 32,
    "temperature": 0.0,
    "top_p": 1.0,
    "do_sample": false,
    "repetition_penalty": 1.0,
    "device": "auto",
    "dtype": "auto",
    "prompt_template_id": "validity-v1",
    "trust_remote_code": false,
    "use_chat_template": true
  },
  "created_at_utc": "2026-04-12T05:00:30.171001+00:00",
  "git_commit": "a9cc92ba7b20c2c43ef90042255bce2dd164db00",
  "git_dirty": true,
  "environment": {
    "python_version": "3.14.3",
    "python_executable": "/Library/Frameworks/Python.framework/Versions/3.14/bin/python3",
    "platform": "macOS-26.3.1-arm64-arm-64bit-Mach-O",
    "hostname": "Dannys-MacBook-Air.local",
    "torch_version": "2.11.0",
    "transformers_version": "5.5.0"
  }
}